<?xml version="1.0" encoding="UTF-8"?>
<presets xmlns="http://josm.openstreetmap.de/tagging-preset-1.0"
  author="Панкратов Александр Владимирович Sowa1980 https://www.openstreetmap.org/user/Sowa1980"
  link="https://wiki.openstreetmap.org/wiki/RU:Key:start_date https://wiki.openstreetmap.org/wiki/RU:Key:opening_date https://wiki.openstreetmap.org/wiki/RU:Key:check_date https://wiki.openstreetmap.org/wiki/RU:Key:building:architecture"
  icon="Data32.svg"
  
  description="Start_Data_preset"
  shortdescription="Start_Data_preset"
  
  ru.description="Служит для указания дат строительства"
  ru.shortdescription="Даты строительство"
  
  uk.description="Служить для вказівки дат будівництва"
  uk.shortdescription="Дати будівництво"
  
  be.description="Служыць для ўказанні дат будаўніцтва"
  be.shortdescription="даты будаўніцтва"
  
  de.description="Zeigt die Baudaten an"
  de.shortdescription="Baudaten"
  
  
  version="0.2_2020-04.10">
                    
  <group name="Annotation">
    <item name="Даты строительство" uk.name="Дати будівництво" be.name="даты будаўніцтва" de.name="Baudaten" type="node,closedway,multipolygon" preset_name_label="true" icon="Data32.svg">
	<space/>
	  <text key="start_date" text="Общий тег даты не имеющий конкретики" uk.text="Загальний тег дата без конкретики" be.text="Агульны тэг даты які не мае канкрэтыкі" de.text="Generisches Datums-Tag" match="key"/>
      <text key="sanctified_date" text="Освящения" uk.text="Дата освячення" be.text="асвячэння" de.text="Weihe" match="key"/>
      <text key="start_of_construction_date" text="Начало строительства" uk.text="Дата початку будівництва" be.text="пачатак будаўніцтва" de.text="Baubeginn" match="key"/>
	  <text key="completion_of_construction_date" text="Завершение строительства" uk.text="Дата кінця будівництва" be.text="завяршэнне будаўніцтва" de.text="Fertigstellung der Bauarbeiten" match="key"/>
	  <text key="commissioning_date" text="Ввод в эксплуатацию" uk.text="Дата введення в експлуатацію" be.text="увод у эксплуатацыю" de.text="Inbetriebnahme" match="key"/>
	  <text key="contractual_construction_time" text="Договорные сроки строительства" uk.text="Договірні терміни будівництва" be.text="дагаворныя тэрміны будаўніцтва" de.text="Vertragliche Bauzeit" match="key"/>
	  <text key="opening_date" text="Приблизительного завершения строительства" uk.text="Орієнтовне завершення будівництва" be.text="Прыблізнага завяршэння будаўніцтва" de.text="Vorraussichtlicher Abschluss" match="key"/>
	  <text key="check_date" text="Проверки актуальности информации" uk.text="Перевірка відповідності інформації" be.text="Праверкі актуальнасці інфармацыі" de.text="Überprüft die Relevanz von Informationen" match="key"/>
	  <text key="developer" text="Застройщик" uk.text="Забудовник" be.text="забудоўшчык" de.text="Entwickler" match="key"/>
	  <text key="architect_name" text="Архитектор" uk.text="Архітектор" be.text="Архітэктар" de.text="Architekt" match="key"/>
	  <text key="sculptor_name" text="Скульптор" uk.text="Скульптор" be.text="Скульптар" de.text="Bildhauer" match="key"/>
	  <text key="building:architecture" text="Архитектурный стиль" uk.text="Архітектурний стиль" be.text="Архітэктурны стыль" de.text="Architektonischer Stil" match="key"/>
	  <text key="design:ref" text="Типовая серия здания" uk.text="Типова серія будівлі" be.text="Тыпавая серыя будынка" de.text="Gebäudeserie" match="key"/>
	  <space/>
	  <label text="Даты следует записывать в формате ISO 8601, т. е. ГГГГ-ММ-ДД." uk.text="Дати слід записувати у форматі ISO 8601, т. е. ГГГГ-ММ-ДД." be.text="Даты варта запісваць у фармаце ISO 8601, т. е. ГГГГ-ММ-ДД." de.text="Daten sollten im Format geschrieben werden ISO 8601, т. е. ГГГГ-ММ-ДД."/>
	  <link href="https://wiki.openstreetmap.org/wiki/RU:Key:start_date"/> 
	  <link href="https://wiki.openstreetmap.org/wiki/RU:Key:opening_date"/>
	  <link href="https://wiki.openstreetmap.org/wiki/RU:Key:check_date"/>
	  <link href="https://wiki.openstreetmap.org/wiki/RU:Key:building:architecture"/>
	  <link href="https://www.openstreetmap.org/user/Sowa1980" text="contacts Author" ru.text="контакты Автор"/>
    </item>
  </group>
</presets> 